"Γιούλα Γαβαλά";"6951494284"
"Αιμίλιος Χειλάκης";"6987508970"
"Όλγα Καρλάτου";"6933013771"
"Βασίλης Χαραλαμπόπουλος";"6968355611"
"Χριστόφορος Παπακαλιάτης";"6914513106"
"Κατερίνα Λέχου";"6988171365"
"Δημήτρης Σταρόβας";"6983432052"
"Κάτια Γέρου";"6926283177"
"Διονύσης Παπαγιαννόπουλος";"6940991181"
"Γιώργος Τσιτσόπουλος";"6981774722"
"Ελένη Ανουσάκη";"6988770671"
"Ανδρέας Ντούζος";"6972192203"
"Μαρία Μπονέλου";"6901382244"
"Γιώργος Γληνός";"6951008998"
"Όμηρος Πουλάκης";"6908347160"
"Αιμιλία Υψηλάντη";"6984521715"
"Μαρία Καλουτά";"6933738614"
"Λιλάντα Λυκιαρδοπούλου";"6919038847"
"Αντώνης Κουφουδάκης";"6990610527"
"Κατερίνα Γώγου";"6911393954"
"Νικήτας Πλατής";"6960764970"
"Μαλαίνα Ανουσάκη";"6997936959"
"Αθηνά Μαξίμου";"6960762741"
"Έλλη Φωτίου";"6954845666"
"Πάνος Κυπαρίσσης";"6985813474"
"Χρήστος Τσαγανέας";"6995002675"
"Στέλιος Βόκοβιτς";"6931204247"
"Τζώνυ Θεοδωρίδης";"6971864317"
"Βίκυ Κουλιανού";"6912309275"
"Ράλλης Αγγελίδης";"6987720922"
"Νόνικα Γαληνέα";"6999637293"
"Τάσος Μπαντής";"6948643350"
"Νάσος Κεδράκας";"6911744285"
"Δημήτρης Καλλιβωκάς";"6959694451"
"Χριστίνα Καλογερίκου";"6953029984"
"Καίτη Πάνου";"6971845761"
"Μιχάλης Γιαννάτος";"6905418830"
"Μαίρη Αρώνη";"6925700692"
"Ιωάννα Τριανταφυλλίδου";"6954257905"
"Τώνης Γιακωβάκης";"6963891312"
"Βαγγέλης Κοτρώνης";"6971949706"
"Άρης Σερβετάλης";"6934380969"
"Μαρία Φωκά";"6963779783"
